ブランド,フレーバー名,価格,詳細URL
不明,デクラウド サワーアップル&キウイ,990,https://www.aslaj.com/view/item/000000002207?category_page_id=ct6
不明,デクラウド アイス,990,https://www.aslaj.com/view/item/000000002206?category_page_id=ct6
不明,デクラウド ザクロパッション,990,https://www.aslaj.com/view/item/000000002203?category_page_id=ct6
不明,デクラウド シナモン,990,https://www.aslaj.com/view/item/000000002200?category_page_id=ct6
不明,デクラウド スイートポテト,990,https://www.aslaj.com/view/item/000000002199?category_page_id=ct6
DARKSIDE シーシャフレーバー,KASHMIR GOA JAVA(カシミールゴアジャバ),4400,https://www.aslaj.com/view/item/000000002192?category_page_id=ct6
DARKSIDE シーシャフレーバー,WAFFLE SHUFFLE(ワッフルシャッフル),4400,https://www.aslaj.com/view/item/000000002191?category_page_id=ct6
DARKSIDE シーシャフレーバー,POLAR CREAM(ポーラクリーム),4400,https://www.aslaj.com/view/item/000000002190?category_page_id=ct6
DARKSIDE シーシャフレーバー,PEAR(ペア),4400,https://www.aslaj.com/view/item/000000002189?category_page_id=ct6
DARKSIDE シーシャフレーバー,GLITCH ICE TEA(グリッチアイスティー),4400,https://www.aslaj.com/view/item/000000002188?category_page_id=ct6
DARKSIDE シーシャフレーバー,CODE CHERRY(コードチェリー),4400,https://www.aslaj.com/view/item/000000002187?category_page_id=ct6
DARKSIDE シーシャフレーバー,BLACKCURRANT(ブラックカラント),4400,https://www.aslaj.com/view/item/000000002186?category_page_id=ct6
DARKSIDE シーシャフレーバー,BASSBERRY(バスベリー),4400,https://www.aslaj.com/view/item/000000002185?category_page_id=ct6
REVOSHI(レボシ) シーシャフレーバー 50ｇ,Eskimo Lemon(エスキモレモン),1750,https://www.aslaj.com/view/item/000000002169?category_page_id=ct6
JiBiAR(ジビアール) シーシャフレーバー 50ｇ,BLUE BERRY(ブルーベリー),1750,https://www.aslaj.com/view/item/000000002167?category_page_id=ct6
JiBiAR(ジビアール) シーシャフレーバー 50ｇ,VANILLA LATTE(バニララテ),1750,https://www.aslaj.com/view/item/000000002166?category_page_id=ct6
Starline シーシャフレーバー 50g,STRAWBERRY MILLEFEUILLE(ストロベリーミルフィーユ),1850,https://www.aslaj.com/view/item/000000002148?category_page_id=ct6
Starline シーシャフレーバー 50g,PAPAYA(パパイヤ),1850,https://www.aslaj.com/view/item/000000002147?category_page_id=ct6
Starline シーシャフレーバー 50g,ORANGINA(オランジーナ),1850,https://www.aslaj.com/view/item/000000002146?category_page_id=ct6
Starline シーシャフレーバー 50g,NECTARINE(ネクタリン),1850,https://www.aslaj.com/view/item/000000002145?category_page_id=ct6
Starline シーシャフレーバー 50g,LEMON FIZZ(レモンフィズ),1850,https://www.aslaj.com/view/item/000000002144?category_page_id=ct6
Starline シーシャフレーバー 50g,FREE CUBA(フリーキューバ),1850,https://www.aslaj.com/view/item/000000002143?category_page_id=ct6
Starline シーシャフレーバー 50g,BLUEBERRY CRUMBLE(ブルーベリークランブル),1850,https://www.aslaj.com/view/item/000000002142?category_page_id=ct6
Starline シーシャフレーバー 50g,BERRY POPCORN(ベリーポップコーン),1850,https://www.aslaj.com/view/item/000000002141?category_page_id=ct6
Starline シーシャフレーバー 50g,BELGIAN WAFFLE(ベルギアンワッフル),1850,https://www.aslaj.com/view/item/000000002140?category_page_id=ct6
Starline シーシャフレーバー 50g,APPLE JUICE(アップルジュース),1850,https://www.aslaj.com/view/item/000000002139?category_page_id=ct6
CHABA(チャバ) シーシャフレーバー 50ｇ,トロピックラブ,1200,https://www.aslaj.com/view/item/000000002137?category_page_id=ct6
CHABA(チャバ) シーシャフレーバー 50ｇ,タンジェリンストロベリーライチ,1200,https://www.aslaj.com/view/item/000000002136?category_page_id=ct6
CHABA(チャバ) シーシャフレーバー 50ｇ,ストロベリーモヒート,1200,https://www.aslaj.com/view/item/000000002135?category_page_id=ct6
CHABA(チャバ) シーシャフレーバー 50ｇ,ラズベリーブラックベリー,1200,https://www.aslaj.com/view/item/000000002133?category_page_id=ct6
CHABA(チャバ) シーシャフレーバー 50ｇ,ピーチライム,1200,https://www.aslaj.com/view/item/000000002131?category_page_id=ct6
CHABA(チャバ) シーシャフレーバー 50ｇ,レモンミント,1200,https://www.aslaj.com/view/item/000000002128?category_page_id=ct6
CHABA(チャバ) シーシャフレーバー 50ｇ,アイスボンボン,1200,https://www.aslaj.com/view/item/000000002126?category_page_id=ct6
CHABA(チャバ) シーシャフレーバー 50ｇ,クレメンタインチェリー,1200,https://www.aslaj.com/view/item/000000002122?category_page_id=ct6
CHABA(チャバ) シーシャフレーバー 50ｇ,ブースターアイス,1200,https://www.aslaj.com/view/item/000000002120?category_page_id=ct6
CHABA(チャバ) シーシャフレーバー 50ｇ,ポッピーロール,1200,https://www.aslaj.com/view/item/000000002117?category_page_id=ct6
CHABA(チャバ) シーシャフレーバー 50ｇ,ポメロ,1200,https://www.aslaj.com/view/item/000000002116?category_page_id=ct6
CHABA(チャバ) シーシャフレーバー 50ｇ,メリッサ & ベリーズ,1200,https://www.aslaj.com/view/item/000000002114?category_page_id=ct6
CHABA(チャバ) シーシャフレーバー 50ｇ,チェリー,1200,https://www.aslaj.com/view/item/000000002113?category_page_id=ct6
CHABA(チャバ) シーシャフレーバー 50ｇ,アイスグレープ,1200,https://www.aslaj.com/view/item/000000002112?category_page_id=ct6
CHABA(チャバ) シーシャフレーバー 50ｇ,フロスティーミント,1200,https://www.aslaj.com/view/item/000000002111?category_page_id=ct6
CHABA(チャバ) シーシャフレーバー 50ｇ,エルダーベリー,1200,https://www.aslaj.com/view/item/000000002110?category_page_id=ct6
CHABA(チャバ) シーシャフレーバー 50ｇ,ダブルアップル,1200,https://www.aslaj.com/view/item/000000002109?category_page_id=ct6
CHABA(チャバ) シーシャフレーバー 50ｇ,チャイニーズメロン,1200,https://www.aslaj.com/view/item/000000002108?category_page_id=ct6
CHABA(チャバ) シーシャフレーバー 50ｇ,クランベリーズ イン パウダーシュガー,1200,https://www.aslaj.com/view/item/000000002107?category_page_id=ct6
CHABA(チャバ) シーシャフレーバー 50ｇ,ブルーベリーミント,1200,https://www.aslaj.com/view/item/000000002106?category_page_id=ct6
afzal(アフザル) 　シーシャフレーバー 50g,クリームキャラメル,1750,https://www.aslaj.com/view/item/000000002104?category_page_id=ct6
afzal(アフザル) 　シーシャフレーバー 50g,レッドチェリー,1750,https://www.aslaj.com/view/item/000000002103?category_page_id=ct6
 LIRRA(リラ) シーシャフレーバー 50g,ICE GRAPEFRUIT(アイスグレープフルーツ),1650,https://www.aslaj.com/view/item/000000001569
 LIRRA(リラ) シーシャフレーバー 50g,MILK(ミルク),1650,https://www.aslaj.com/view/item/000000001563
不明,ソラリスボウル(素焼き&ストレート),3500,https://www.aslaj.com/view/item/000000000643
afzal(アフザル) 　シーシャフレーバー 50g,パンラース,1750,https://www.aslaj.com/view/item/000000002102?category_page_id=ct6
afzal(アフザル) 　シーシャフレーバー 50g,スペシャルパン,1750,https://www.aslaj.com/view/item/000000002101?category_page_id=ct6
AL FAKHER（アルファーヘル）,ローズ 50g,1550,https://www.aslaj.com/view/item/000000002079?category_page_id=ct6
DARKSIDE シーシャフレーバー,VIRGIN PEACH 2.0(バージンピーチ),4400,https://www.aslaj.com/view/item/000000002057?category_page_id=ct6
DARKSIDE シーシャフレーバー,SUPERMINT(スーパーミント),4400,https://www.aslaj.com/view/item/000000002056?category_page_id=ct6
DARKSIDE シーシャフレーバー,SPACE JAM(スペースジャム),4400,https://www.aslaj.com/view/item/000000002055?category_page_id=ct6
DARKSIDE シーシャフレーバー,SALBEI(サルベイ),4400,https://www.aslaj.com/view/item/000000002054?category_page_id=ct6
DARKSIDE シーシャフレーバー,POMELOW(ポメロ),4400,https://www.aslaj.com/view/item/000000002053?category_page_id=ct6
DARKSIDE シーシャフレーバー,CYBER KIWI(サイバーキウイ),4400,https://www.aslaj.com/view/item/000000002051?category_page_id=ct6
DARKSIDE シーシャフレーバー,BOUNTY HUNTER(バウンティーハンター),4400,https://www.aslaj.com/view/item/000000002050?category_page_id=ct6
DARKSIDE シーシャフレーバー,BLUEBERRY BLAST(ブルーベリーブラスト),4400,https://www.aslaj.com/view/item/000000002049?category_page_id=ct6
DARKSIDE シーシャフレーバー,KILLER MILK(キラーミルク),4400,https://www.aslaj.com/view/item/000000002013?category_page_id=ct6
DARKSIDE シーシャフレーバー,HONEY DUST(ハニーダスト),4400,https://www.aslaj.com/view/item/000000002012?category_page_id=ct6
DARKSIDE シーシャフレーバー,DARK ICECREAM(ダークアイスクリーム),4400,https://www.aslaj.com/view/item/000000002011?category_page_id=ct6
DARKSIDE シーシャフレーバー,GREEN MIST(グリーンミスト),4400,https://www.aslaj.com/view/item/000000002010?category_page_id=ct6
DARKSIDE シーシャフレーバー,BERGAMONSTR (ベルガモンスター),4400,https://www.aslaj.com/view/item/000000002009?category_page_id=ct6
DARKSIDE シーシャフレーバー,GUAVA REBEL(グアバレベル),4400,https://www.aslaj.com/view/item/000000002008?category_page_id=ct6
DARKSIDE シーシャフレーバー,MANGO LASSI 2.0(マンゴーラッシー),4400,https://www.aslaj.com/view/item/000000002007?category_page_id=ct6
DARKSIDE シーシャフレーバー,DARK PASSION(ダークパッション),4400,https://www.aslaj.com/view/item/000000002006?category_page_id=ct6
DARKSIDE シーシャフレーバー,BARVY ORANGE(バービーオレンジ),4400,https://www.aslaj.com/view/item/000000002005?category_page_id=ct6
MALAKI(マラキ)　　 シーシャフレーバー 50g,アイスドミント,1850,https://www.aslaj.com/view/item/000000001986?category_page_id=ct6
khaleej(ハリージ) 50g シーシャフレーバー,グリーンミント,1700,https://www.aslaj.com/view/item/000000001983?category_page_id=ct6
DOZAJ(ドザジ) シーシャフレーバー 50g,グリーンティー,1750,https://www.aslaj.com/view/item/000000001982?category_page_id=ct6
DOZAJ(ドザジ) シーシャフレーバー 50g,セサミ,1750,https://www.aslaj.com/view/item/000000001981?category_page_id=ct6
DOZAJ(ドザジ) シーシャフレーバー 50g,ピスタチオ,1750,https://www.aslaj.com/view/item/000000001980?category_page_id=ct6
DOZAJ(ドザジ) シーシャフレーバー 50g,ゆず,1750,https://www.aslaj.com/view/item/000000001979?category_page_id=ct6
DOZAJ(ドザジ) シーシャフレーバー 50g,マンゴー,1750,https://www.aslaj.com/view/item/000000001978?category_page_id=ct6
DOZAJ(ドザジ) シーシャフレーバー 50g,ピーチ,1750,https://www.aslaj.com/view/item/000000001977?category_page_id=ct6
Debaj  (デバジ)50g　シーシャフレーバー,マルガリータ,1650,https://www.aslaj.com/view/item/000000001970?category_page_id=ct6
DARKSIDE シーシャフレーバー,COSMOS(コスモス),4400,https://www.aslaj.com/view/item/000000001969?category_page_id=ct6
DARKSIDE シーシャフレーバー,C.R.E.A.M.S.O.D.A.(クリームソーダ),4400,https://www.aslaj.com/view/item/000000001968?category_page_id=ct6
DARKSIDE シーシャフレーバー,DARKSUPRA(ダークスープラ),4400,https://www.aslaj.com/view/item/000000001967?category_page_id=ct6
DARKSIDE シーシャフレーバー,NEEDLS(ニードルス),4400,https://www.aslaj.com/view/item/000000001966?category_page_id=ct6
DARKSIDE シーシャフレーバー,TROPIC RAY(トロピックレイ),4400,https://www.aslaj.com/view/item/000000001965?category_page_id=ct6
DARKSIDE シーシャフレーバー,CHERRY ROCKS(チェリーロックス),4400,https://www.aslaj.com/view/item/000000001964?category_page_id=ct6
DARKSIDE シーシャフレーバー,GENERIS RASPBERRY(ジェネライズ ラズベリー),4400,https://www.aslaj.com/view/item/000000001963?category_page_id=ct6
DARKSIDE シーシャフレーバー,BANANAPAPA(バナナパパ),4400,https://www.aslaj.com/view/item/000000001962?category_page_id=ct6
DARKSIDE シーシャフレーバー,WILD FOREST(ワイルドフォレスト),4400,https://www.aslaj.com/view/item/000000001961?category_page_id=ct6
DARKSIDE シーシャフレーバー,WILD BERRY(ワイルドベリー),4400,https://www.aslaj.com/view/item/000000001960?category_page_id=ct6
DARKSIDE シーシャフレーバー,FALLING STAR(フォーリングスター),4400,https://www.aslaj.com/view/item/000000001959?category_page_id=ct6
DARKSIDE シーシャフレーバー,RED ALERT(レッドアラート),4400,https://www.aslaj.com/view/item/000000001958?category_page_id=ct6
DARKSIDE シーシャフレーバー,COSMO FLOWER(コスモフラワー),4400,https://www.aslaj.com/view/item/000000001957?category_page_id=ct6
DARKSIDE シーシャフレーバー,PINEAPPLE PULSE(パイナップルパルス),4400,https://www.aslaj.com/view/item/000000001956?category_page_id=ct6
DARKSIDE シーシャフレーバー,KALEE GRAPEFRUIT 2.0(カリーグレープフルーツ),4400,https://www.aslaj.com/view/item/000000001955?category_page_id=ct6
DARKSIDE シーシャフレーバー,ICE GRANNY(アイスグラニー),4400,https://www.aslaj.com/view/item/000000001954?category_page_id=ct6
DARKSIDE シーシャフレーバー,LEMONBLAST(レモンブラスト),4400,https://www.aslaj.com/view/item/000000001953?category_page_id=ct6
DARKSIDE シーシャフレーバー,GRAPE CORE(グレープコア),4400,https://www.aslaj.com/view/item/000000001952?category_page_id=ct6
DARKSIDE シーシャフレーバー,DARKSIDE COLA(ダークサイド コーラ),4400,https://www.aslaj.com/view/item/000000001951?category_page_id=ct6
 LIRRA(リラ) シーシャフレーバー 50g,ICE GRAPEFRUIT(アイスグレープフルーツ),1650,https://www.aslaj.com/view/item/000000001569
 LIRRA(リラ) シーシャフレーバー 50g,MILK(ミルク),1650,https://www.aslaj.com/view/item/000000001563
不明,ソラリスボウル(素焼き&ストレート),3500,https://www.aslaj.com/view/item/000000000643
DARKSIDE シーシャフレーバー,SUPERNOVA(スーパーノヴァ),4400,https://www.aslaj.com/view/item/000000001950?category_page_id=ct6
LIRRA(リラ) シーシャフレーバー 50g,LEMON GRASS(レモングラス),1650,https://www.aslaj.com/view/item/000000001927?category_page_id=ct6
LIRRA(リラ) シーシャフレーバー 50g,SAKURAMOCHI(サクラモチ),1650,https://www.aslaj.com/view/item/000000001926?category_page_id=ct6
LIRRA(リラ) シーシャフレーバー 50g,THE MEISTER(ザ・マイスター),1650,https://www.aslaj.com/view/item/000000001925?category_page_id=ct6
LIRRA(リラ) シーシャフレーバー 50g,WHITE MUSK(ホワイトムスク),1650,https://www.aslaj.com/view/item/000000001924?category_page_id=ct6
LIRRA(リラ) シーシャフレーバー 50g,EVENING JASMINE(イブニングジャスミン),1650,https://www.aslaj.com/view/item/000000001923?category_page_id=ct6
LIRRA(リラ) シーシャフレーバー 50g,GINGER(ジンジャー),1650,https://www.aslaj.com/view/item/000000001922?category_page_id=ct6
LIRRA(リラ) シーシャフレーバー 50g,CARDAMON(カルダモン),1650,https://www.aslaj.com/view/item/000000001921?category_page_id=ct6
LIRRA(リラ) シーシャフレーバー 50g,RASPBERRY(ラズベリー),1650,https://www.aslaj.com/view/item/000000001920?category_page_id=ct6
AL FAKHER（アルファーヘル） シーシャフレーバー 50g,マンゴー,1550,https://www.aslaj.com/view/item/000000001918?category_page_id=ct6
AL FAKHER（アルファーヘル） シーシャフレーバー 50g,ストロベリー,1550,https://www.aslaj.com/view/item/000000001915?category_page_id=ct6
AL FAKHER（アルファーヘル） シーシャフレーバー 50g,ココナッツ,1550,https://www.aslaj.com/view/item/000000001914?category_page_id=ct6
Dozaj(ドザジ)　　 シーシャフレーバー 50g,プロビス,1750,https://www.aslaj.com/view/item/000000001899?category_page_id=ct6
khaleej(ハリージ) 50g シーシャフレーバー,ピーチ,1700,https://www.aslaj.com/view/item/000000001889?category_page_id=ct6
khaleej(ハリージ) 50g シーシャフレーバー,ラズベリー,1700,https://www.aslaj.com/view/item/000000001888?category_page_id=ct6
khaleej(ハリージ) 50g シーシャフレーバー,ストロベリー,1700,https://www.aslaj.com/view/item/000000001887?category_page_id=ct6
khaleej(ハリージ) 50g シーシャフレーバー,ダブルレモン,1700,https://www.aslaj.com/view/item/000000001886?category_page_id=ct6
khaleej(ハリージ) 50g シーシャフレーバー,スーパーレモン,1700,https://www.aslaj.com/view/item/000000001885?category_page_id=ct6
khaleej(ハリージ) 50g シーシャフレーバー,キウイ,1700,https://www.aslaj.com/view/item/000000001884?category_page_id=ct6
Dozaj Black(ドザジ ブラック) シーシャフレーバー 100g,POMEGRANTE JUICE,4000,https://www.aslaj.com/view/item/000000001830?category_page_id=ct6
Dozaj Black(ドザジ ブラック) シーシャフレーバー 100g,CASH PEACH,4000,https://www.aslaj.com/view/item/000000001828?category_page_id=ct6
 LIRRA(リラ) シーシャフレーバー 50g,MOJITO(モヒート),1650,https://www.aslaj.com/view/item/000000001827?category_page_id=ct6
 LIRRA(リラ) シーシャフレーバー 50g,LIME(ライム),1650,https://www.aslaj.com/view/item/000000001826?category_page_id=ct6
Debaj  (デバジ)50g　シーシャフレーバー,グリーンレモン,1650,https://www.aslaj.com/view/item/000000001823?category_page_id=ct6
Dozaj Black(ドザジ ブラック) シーシャフレーバー 100g,Smoothie,4000,https://www.aslaj.com/view/item/000000001816?category_page_id=ct6
Dozaj Black(ドザジ ブラック) シーシャフレーバー 100g,Ice Cola,4000,https://www.aslaj.com/view/item/000000001815?category_page_id=ct6
Dozaj Black(ドザジ ブラック) シーシャフレーバー 100g,Earl Grey,4000,https://www.aslaj.com/view/item/000000001814?category_page_id=ct6
Dozaj Black(ドザジ ブラック) シーシャフレーバー 100g,Yellow Crumble,4000,https://www.aslaj.com/view/item/000000001813?category_page_id=ct6
Dozaj Black(ドザジ ブラック) シーシャフレーバー 100g,Walnut Tree,4000,https://www.aslaj.com/view/item/000000001812?category_page_id=ct6
Dozaj Black(ドザジ ブラック) シーシャフレーバー 100g,Illegal,4000,https://www.aslaj.com/view/item/000000001810?category_page_id=ct6
Dozaj Black(ドザジ ブラック) シーシャフレーバー 100g,Darth Wader,4000,https://www.aslaj.com/view/item/000000001808?category_page_id=ct6
Dozaj Black(ドザジ ブラック) シーシャフレーバー 100g,White Cash,4000,https://www.aslaj.com/view/item/000000001807?category_page_id=ct6
Dozaj Black(ドザジ ブラック) シーシャフレーバー 100g,El Clasico,4000,https://www.aslaj.com/view/item/000000001799?category_page_id=ct6
Dozaj(ドザジ)　　 シーシャフレーバー 50g,ガムマスティック,1750,https://www.aslaj.com/view/item/000000001798?category_page_id=ct6
Dozaj(ドザジ)　　 シーシャフレーバー 50g,ビスケット,1750,https://www.aslaj.com/view/item/000000001797?category_page_id=ct6
Dozaj(ドザジ)　　 シーシャフレーバー 50g,アーモンド,1750,https://www.aslaj.com/view/item/000000001796?category_page_id=ct6
Dozaj(ドザジ)　　 シーシャフレーバー 50g,カルダモン,1750,https://www.aslaj.com/view/item/000000001795?category_page_id=ct6
Dozaj(ドザジ)　　 シーシャフレーバー 50g,ブルーベリー,1750,https://www.aslaj.com/view/item/000000001794?category_page_id=ct6
AL FAKHER(アルファーヘル)　　 シーシャフレーバー 50g,カプチーノ,1550,https://www.aslaj.com/view/item/000000001793?category_page_id=ct6
afzal(アフザル) 　シーシャフレーバー 50g,ジンジャーエール,1750,https://www.aslaj.com/view/item/000000001791?category_page_id=ct6
afzal(アフザル) 　シーシャフレーバー 50g,アールグレイ,1750,https://www.aslaj.com/view/item/000000001790?category_page_id=ct6
MALAKI(マラキ)　　 シーシャフレーバー 50g,バニラ,1850,https://www.aslaj.com/view/item/000000001786?category_page_id=ct6
MALAKI(マラキ)　　 シーシャフレーバー 50g,キウイ,1850,https://www.aslaj.com/view/item/000000001785?category_page_id=ct6
MALAKI(マラキ)　　 シーシャフレーバー 50g,ストロベリー,1850,https://www.aslaj.com/view/item/000000001784?category_page_id=ct6
 LIRRA(リラ) シーシャフレーバー 50g,KASHMIR(カシミール),1650,https://www.aslaj.com/view/item/000000001761?category_page_id=ct6
 LIRRA(リラ) シーシャフレーバー 50g,ROSE(ローズ),1650,https://www.aslaj.com/view/item/000000001760?category_page_id=ct6
不明,バター　- Dozaj(ドザジ)　　 シーシャフレーバー 50g,1750,https://www.aslaj.com/view/item/000000001759?category_page_id=ct6
不明,パンケーキ　- Dozaj(ドザジ)　　 シーシャフレーバー 50g,1750,https://www.aslaj.com/view/item/000000001757?category_page_id=ct6
 LIRRA(リラ) シーシャフレーバー 50g,ICE GRAPEFRUIT(アイスグレープフルーツ),1650,https://www.aslaj.com/view/item/000000001569
 LIRRA(リラ) シーシャフレーバー 50g,MILK(ミルク),1650,https://www.aslaj.com/view/item/000000001563
不明,ソラリスボウル(素焼き&ストレート),3500,https://www.aslaj.com/view/item/000000000643
不明,キウイ　- Dozaj(ドザジ)　　 シーシャフレーバー 50g,1750,https://www.aslaj.com/view/item/000000001756?category_page_id=ct6
不明,オレンジ- Dozaj(ドザジ)　　 シーシャフレーバー 50g,1750,https://www.aslaj.com/view/item/000000001755?category_page_id=ct6
ROYAL SMOKIN シーシャフレーバー 50g,PINK MISCHIEF (ピンクミスチーフ),1750,https://www.aslaj.com/view/item/000000001752?category_page_id=ct6
ROYAL SMOKIN シーシャフレーバー 50g,LEMON GINGER (レモンジンジャー),1750,https://www.aslaj.com/view/item/000000001751?category_page_id=ct6
ROYAL SMOKIN シーシャフレーバー 50g,HONEY (ハニー),1750,https://www.aslaj.com/view/item/000000001750?category_page_id=ct6
 LIRRA(リラ) シーシャフレーバー 50g,PEANUT(ピーナッツ),1650,https://www.aslaj.com/view/item/000000001748?category_page_id=ct6
 LIRRA(リラ) シーシャフレーバー 50g,ROSEMARY(ローズマリー),1650,https://www.aslaj.com/view/item/000000001747?category_page_id=ct6
不明,ラズベリー　　- Debaj  (デバジ)50g　シーシャフレーバー,1650,https://www.aslaj.com/view/item/000000001689?category_page_id=ct6
不明,ブルーベリー　- Debaj  (デバジ)50g　シーシャフレーバー,1650,https://www.aslaj.com/view/item/000000001687?category_page_id=ct6
不明,デクラウド　あずき,990,https://www.aslaj.com/view/item/000000001674?category_page_id=ct6
不明,デクラウド　ゆず,990,https://www.aslaj.com/view/item/000000001672?category_page_id=ct6
不明,デクラウド　ブルーベリー,990,https://www.aslaj.com/view/item/000000001671?category_page_id=ct6
不明,デクラウド　ココナッツ,990,https://www.aslaj.com/view/item/000000001670?category_page_id=ct6
不明,デクラウド　ハニー,990,https://www.aslaj.com/view/item/000000001669?category_page_id=ct6
不明,デクラウド　ベリー,990,https://www.aslaj.com/view/item/000000001668?category_page_id=ct6
不明,デクラウド　チェリー,990,https://www.aslaj.com/view/item/000000001667?category_page_id=ct6
 LIRRA(リラ) シーシャフレーバー 50g,ROYAL TEA(ロイヤルティー),1650,https://www.aslaj.com/view/item/000000001657?category_page_id=ct6
 LIRRA(リラ) シーシャフレーバー 50g,BUBBLE GUM(バブルガム),1650,https://www.aslaj.com/view/item/000000001656?category_page_id=ct6
 LIRRA(リラ) シーシャフレーバー 50g,CARAMEL(キャラメル),1650,https://www.aslaj.com/view/item/000000001655?category_page_id=ct6
 LIRRA(リラ) シーシャフレーバー 50g,MINT(ミント),1650,https://www.aslaj.com/view/item/000000001654?category_page_id=ct6
 LIRRA(リラ) シーシャフレーバー 50g,LEMON(レモン),1650,https://www.aslaj.com/view/item/000000001653?category_page_id=ct6
不明,カルダモンミルク- Debaj  (デバジ)50g　シーシャフレーバー,1650,https://www.aslaj.com/view/item/000000001650?category_page_id=ct6
不明,ツーレモン- Debaj  (デバジ)50g　シーシャフレーバー,1650,https://www.aslaj.com/view/item/000000001648?category_page_id=ct6
AL FAKHER(アルファーヘル)　　 シーシャフレーバー 50g,レモン,1550,https://www.aslaj.com/view/item/000000001642?category_page_id=ct6
Al Fakhamah  シーシャフレーバー 50g,クリーム,1800,https://www.aslaj.com/view/item/000000001640?category_page_id=ct6
Al Fakhamah  シーシャフレーバー 50g,カルダモン,1800,https://www.aslaj.com/view/item/000000001639?category_page_id=ct6
Al Fakhamah  シーシャフレーバー 50g,パイナップル,1800,https://www.aslaj.com/view/item/000000001638?category_page_id=ct6
Al Fakhamah  シーシャフレーバー 50g,ライム,1800,https://www.aslaj.com/view/item/000000001637?category_page_id=ct6
Al Fakhamah  シーシャフレーバー 50g,レモン,1800,https://www.aslaj.com/view/item/000000001636?category_page_id=ct6
Al Fakhamah  シーシャフレーバー 50g,マスティカ,1800,https://www.aslaj.com/view/item/000000001635?category_page_id=ct6
Al Fakhamah  シーシャフレーバー 50g,エキゾチックジャスミン,1800,https://www.aslaj.com/view/item/000000001633?category_page_id=ct6
Al Fakhamah  シーシャフレーバー 50g,シナモン,1800,https://www.aslaj.com/view/item/000000001632?category_page_id=ct6
Al Fakhamah  シーシャフレーバー 50g,パッションフルーツ,1800,https://www.aslaj.com/view/item/000000001631?category_page_id=ct6
不明,デクラウド　抹茶,990,https://www.aslaj.com/view/item/000000001627?category_page_id=ct6
不明,デクラウド　カシス,990,https://www.aslaj.com/view/item/000000001625?category_page_id=ct6
AL FAKHER(アルファーヘル)　　 シーシャフレーバー 50g,ピーチ,1550,https://www.aslaj.com/view/item/000000001624?category_page_id=ct6
AL FAKHER(アルファーヘル)　　 シーシャフレーバー 50g,バニラ,1550,https://www.aslaj.com/view/item/000000001623?category_page_id=ct6
AL FAKHER(アルファーヘル)　　 シーシャフレーバー 50g,グアバ,1550,https://www.aslaj.com/view/item/000000001620?category_page_id=ct6
AL FAKHER(アルファーヘル)　　 シーシャフレーバー 50g,ブルーベリー,1550,https://www.aslaj.com/view/item/000000001619?category_page_id=ct6
 LIRRA(リラ) シーシャフレーバー 50g,JUICY MELON(ジューシーメロン),1650,https://www.aslaj.com/view/item/000000001572?category_page_id=ct6
 LIRRA(リラ) シーシャフレーバー 50g,ICE CANDY(アイスキャンディー),1650,https://www.aslaj.com/view/item/000000001571?category_page_id=ct6
 LIRRA(リラ) シーシャフレーバー 50g,PINEAPPLE(パイナップル),1650,https://www.aslaj.com/view/item/000000001570?category_page_id=ct6
 LIRRA(リラ) シーシャフレーバー 50g,ICE GRAPEFRUIT(アイスグレープフルーツ),1650,https://www.aslaj.com/view/item/000000001569?category_page_id=ct6
 LIRRA(リラ) シーシャフレーバー 50g,PISTACHIO BREEZE(ピスタチオブリーズ),1650,https://www.aslaj.com/view/item/000000001567?category_page_id=ct6
 LIRRA(リラ) シーシャフレーバー 50g,MIMOSA(ミモザ),1650,https://www.aslaj.com/view/item/000000001566?category_page_id=ct6
 LIRRA(リラ) シーシャフレーバー 50g,TWO APPLE(ツーアップル),1650,https://www.aslaj.com/view/item/000000001565?category_page_id=ct6
 LIRRA(リラ) シーシャフレーバー 50g,ACAI(アサイー),1650,https://www.aslaj.com/view/item/000000001564?category_page_id=ct6
 LIRRA(リラ) シーシャフレーバー 50g,MILK(ミルク),1650,https://www.aslaj.com/view/item/000000001563?category_page_id=ct6
 LIRRA(リラ) シーシャフレーバー 50g,ICE GRAPEFRUIT(アイスグレープフルーツ),1650,https://www.aslaj.com/view/item/000000001569
 LIRRA(リラ) シーシャフレーバー 50g,MILK(ミルク),1650,https://www.aslaj.com/view/item/000000001563
不明,ソラリスボウル(素焼き&ストレート),3500,https://www.aslaj.com/view/item/000000000643
MALAKI(マラキ)　　 シーシャフレーバー 50g,リコリス,1850,https://www.aslaj.com/view/item/000000001555?category_page_id=ct6
MALAKI(マラキ)　　 シーシャフレーバー 50g,ベリーグレープ,1850,https://www.aslaj.com/view/item/000000001554?category_page_id=ct6
不明,スペクトラ- MALAKI(マラキ)　　 シーシャフレーバー 50g,1850,https://www.aslaj.com/view/item/000000001551?category_page_id=ct6
不明,グラニーズキス- MALAKI(マラキ)　　 シーシャフレーバー 50g,1850,https://www.aslaj.com/view/item/000000001550?category_page_id=ct6
不明,ロマンス- MALAKI(マラキ)　　 シーシャフレーバー 50g,1850,https://www.aslaj.com/view/item/000000001548?category_page_id=ct6
不明,コパカバーナ- MALAKI(マラキ)　　 シーシャフレーバー 50g,1850,https://www.aslaj.com/view/item/000000001542?category_page_id=ct6
不明,アマゾン- MALAKI(マラキ)　　 シーシャフレーバー 50g,1850,https://www.aslaj.com/view/item/000000001541?category_page_id=ct6
不明,ウォーターメロン- MALAKI(マラキ)　　 シーシャフレーバー 50g,1850,https://www.aslaj.com/view/item/000000001540?category_page_id=ct6
不明,ホワイトピーチ- MALAKI(マラキ)　　 シーシャフレーバー 50g,1850,https://www.aslaj.com/view/item/000000001537?category_page_id=ct6
不明,オレンジ- MALAKI(マラキ)　　 シーシャフレーバー 50g,1850,https://www.aslaj.com/view/item/000000001533?category_page_id=ct6
不明,シトラス- MALAKI(マラキ)　　 シーシャフレーバー 50g,1850,https://www.aslaj.com/view/item/000000001532?category_page_id=ct6
不明,レモン- MALAKI(マラキ)　　 シーシャフレーバー 50g,1850,https://www.aslaj.com/view/item/000000001531?category_page_id=ct6
不明,レモンミント- MALAKI(マラキ)　　 シーシャフレーバー 50g,1850,https://www.aslaj.com/view/item/000000001530?category_page_id=ct6
不明,ガムシナモン- MALAKI(マラキ)　　 シーシャフレーバー 50g,1850,https://www.aslaj.com/view/item/000000001527?category_page_id=ct6
不明,ガムミント- MALAKI(マラキ)　　 シーシャフレーバー 50g,1850,https://www.aslaj.com/view/item/000000001525?category_page_id=ct6
不明,ブルーベリー- MALAKI(マラキ)　　 シーシャフレーバー 50g,1850,https://www.aslaj.com/view/item/000000001524?category_page_id=ct6
不明,ベリー- MALAKI(マラキ)　　 シーシャフレーバー 50g,1850,https://www.aslaj.com/view/item/000000001523?category_page_id=ct6
不明,グレープ- MALAKI(マラキ)　　 シーシャフレーバー 50g,1850,https://www.aslaj.com/view/item/000000001521?category_page_id=ct6
不明,コットンキャンディー- Dozaj(ドザジ)　　 シーシャフレーバー 50g,1750,https://www.aslaj.com/view/item/000000001516?category_page_id=ct6
不明,イチジク(フィグ)- Dozaj(ドザジ)　　 シーシャフレーバー 50g,1750,https://www.aslaj.com/view/item/000000001514?category_page_id=ct6
Dozaj(ドザジ)　　 シーシャフレーバー 50g,ブラウンシュガー,1750,https://www.aslaj.com/view/item/000000001511?category_page_id=ct6
Dozaj(ドザジ)　　 シーシャフレーバー 50g,ブラックティー,1750,https://www.aslaj.com/view/item/000000001510?category_page_id=ct6
ROYAL SMOKIN シーシャフレーバー 50g,PINK GUAVA (ピンクグアバ),1750,https://www.aslaj.com/view/item/000000001423?category_page_id=ct6
Dozaj Black(ドザジ ブラック)　　 シーシャフレーバー 100g,CHERRY CASH,4000,https://www.aslaj.com/view/item/000000001417?category_page_id=ct6
Dozaj Black(ドザジ ブラック)　　 シーシャフレーバー 100g,KING OF NECTARINE,4000,https://www.aslaj.com/view/item/000000001405?category_page_id=ct6
Dozaj Black(ドザジ ブラック)　　 シーシャフレーバー 100g,BANGUM,4000,https://www.aslaj.com/view/item/000000001400?category_page_id=ct6
Dozaj Black(ドザジ ブラック)　　 シーシャフレーバー 100g,MUCHO MANGO,4000,https://www.aslaj.com/view/item/000000001397?category_page_id=ct6
Dozaj Black(ドザジ ブラック)　　 シーシャフレーバー 100g,TANGERINE SODA,4000,https://www.aslaj.com/view/item/000000001395?category_page_id=ct6
Dozaj Black(ドザジ ブラック)　　 シーシャフレーバー 100g,COOKIE,4000,https://www.aslaj.com/view/item/000000001393?category_page_id=ct6
Dozaj Black(ドザジ ブラック)　　 シーシャフレーバー 100g,TEA TIME,4000,https://www.aslaj.com/view/item/000000001391?category_page_id=ct6
Dozaj(ドザジ)　　 シーシャフレーバー 50g,マカロンピンク,1750,https://www.aslaj.com/view/item/000000001386?category_page_id=ct6
Dozaj(ドザジ)　　 シーシャフレーバー 50g,ライチ,1750,https://www.aslaj.com/view/item/000000001385?category_page_id=ct6
Dozaj(ドザジ)　　 シーシャフレーバー 50g,アイスクリームレモン,1750,https://www.aslaj.com/view/item/000000001383?category_page_id=ct6
Dozaj(ドザジ)　　 シーシャフレーバー 50g,ドラゴンフルーツ,1750,https://www.aslaj.com/view/item/000000001382?category_page_id=ct6
Dozaj(ドザジ)　　 シーシャフレーバー 50g,カクタス,1750,https://www.aslaj.com/view/item/000000001381?category_page_id=ct6
不明,デクラウド　アーモンド,990,https://www.aslaj.com/view/item/000000001370?category_page_id=ct6
不明,デクラウド　コーヒー,990,https://www.aslaj.com/view/item/000000001369?category_page_id=ct6
不明,デクラウド　ミント,990,https://www.aslaj.com/view/item/000000001368?category_page_id=ct6
不明,デクラウド　オレンジ,990,https://www.aslaj.com/view/item/000000001367?category_page_id=ct6
不明,デクラウド　キウイ,990,https://www.aslaj.com/view/item/000000001365?category_page_id=ct6
不明,デクラウド　レッドアップル,990,https://www.aslaj.com/view/item/000000001362?category_page_id=ct6
不明,デクラウド　ペアー,990,https://www.aslaj.com/view/item/000000001361?category_page_id=ct6
不明,デクラウド　グリーンアップル,990,https://www.aslaj.com/view/item/000000001360?category_page_id=ct6
不明,デクラウド　スイカ,990,https://www.aslaj.com/view/item/000000001358?category_page_id=ct6
不明,デクラウド　パッションフルーツ,990,https://www.aslaj.com/view/item/000000001357?category_page_id=ct6
不明,デクラウド　ローズ,990,https://www.aslaj.com/view/item/000000001356?category_page_id=ct6
不明,デクラウド　ジャスミン,990,https://www.aslaj.com/view/item/000000001354?category_page_id=ct6
不明,デクラウド　ラズベリー,990,https://www.aslaj.com/view/item/000000001352?category_page_id=ct6
 LIRRA(リラ) シーシャフレーバー 50g,ICE GRAPEFRUIT(アイスグレープフルーツ),1650,https://www.aslaj.com/view/item/000000001569
 LIRRA(リラ) シーシャフレーバー 50g,MILK(ミルク),1650,https://www.aslaj.com/view/item/000000001563
不明,ソラリスボウル(素焼き&ストレート),3500,https://www.aslaj.com/view/item/000000000643
不明,デクラウド　グアバ,990,https://www.aslaj.com/view/item/000000001349?category_page_id=ct6
不明,デクラウド　アールグレイ,990,https://www.aslaj.com/view/item/000000001348?category_page_id=ct6
不明,デクラウド　ツーアップル,990,https://www.aslaj.com/view/item/000000001347?category_page_id=ct6
不明,デクラウド　プラム,990,https://www.aslaj.com/view/item/000000001345?category_page_id=ct6
不明,デクラウド　バニラ,990,https://www.aslaj.com/view/item/000000001344?category_page_id=ct6
不明,デクラウド　レモン,990,https://www.aslaj.com/view/item/000000001342?category_page_id=ct6
不明,デクラウド　ライチ,990,https://www.aslaj.com/view/item/000000001341?category_page_id=ct6
不明,デクラウド　ブラックグレープ,990,https://www.aslaj.com/view/item/000000001340?category_page_id=ct6
Social Smoke(ソーシャルスモーク)　　 シーシャフレーバー 100g,シガー,3600,https://www.aslaj.com/view/item/000000001334?category_page_id=ct6
不明,パンラズナ　- Debaj  (デバジ)50g　シーシャフレーバー,1650,https://www.aslaj.com/view/item/000000001290?category_page_id=ct6
不明,グアバ　- Debaj  (デバジ)50g　シーシャフレーバー,1650,https://www.aslaj.com/view/item/000000001287?category_page_id=ct6
不明,アイススパイシーコーラ　- Debaj  (デバジ)50g　シーシャフレーバー,1650,https://www.aslaj.com/view/item/000000001285?category_page_id=ct6
不明,ミルク　- Debaj  (デバジ)50g　シーシャフレーバー,1650,https://www.aslaj.com/view/item/000000001284?category_page_id=ct6
Dozaj(ドザジ)　　 シーシャフレーバー 50g,ライムコーラ(ツイスト),1750,https://www.aslaj.com/view/item/000000001256?category_page_id=ct6
Dozaj(ドザジ)　　 シーシャフレーバー 50g,ピンクレモネード,1750,https://www.aslaj.com/view/item/000000001255?category_page_id=ct6
Dozaj(ドザジ)　　 シーシャフレーバー 50g,ラフランス(ペア),1750,https://www.aslaj.com/view/item/000000001254?category_page_id=ct6
Dozaj(ドザジ)　　 シーシャフレーバー 50g,アイスココア(ネスクイックリー),1750,https://www.aslaj.com/view/item/000000001253?category_page_id=ct6
Dozaj(ドザジ)　　 シーシャフレーバー 50g,リンデンティー,1750,https://www.aslaj.com/view/item/000000001251?category_page_id=ct6
Dozaj(ドザジ)　　 シーシャフレーバー 50g,ライム,1750,https://www.aslaj.com/view/item/000000001250?category_page_id=ct6
Dozaj(ドザジ)　　 シーシャフレーバー 50g,グレープフルーツ,1750,https://www.aslaj.com/view/item/000000001249?category_page_id=ct6
Dozaj(ドザジ)　　 シーシャフレーバー 50g,エターナル,1750,https://www.aslaj.com/view/item/000000001248?category_page_id=ct6
Dozaj(ドザジ)　　 シーシャフレーバー 50g,ピーナッツバター,1750,https://www.aslaj.com/view/item/000000001245?category_page_id=ct6
Dozaj(ドザジ)　　 シーシャフレーバー 50g,キャラメルワッフル,1750,https://www.aslaj.com/view/item/000000001243?category_page_id=ct6
Social Smoke(ソーシャルスモーク)　　 シーシャフレーバー 100g,ペアチル,3600,https://www.aslaj.com/view/item/000000001183?category_page_id=ct6
Social Smoke(ソーシャルスモーク)　　 シーシャフレーバー 100g,ジャパニーズユズ,3600,https://www.aslaj.com/view/item/000000001179?category_page_id=ct6
Social Smoke(ソーシャルスモーク)　　 シーシャフレーバー 100g,ホンコンミルクティー,3600,https://www.aslaj.com/view/item/000000001178?category_page_id=ct6
Social Smoke(ソーシャルスモーク)　　 シーシャフレーバー 100g,ゴールデンデリシャスアップル,3600,https://www.aslaj.com/view/item/000000001177?category_page_id=ct6
Social Smoke(ソーシャルスモーク)　　 シーシャフレーバー 100g,ドルセデルチェ,3600,https://www.aslaj.com/view/item/000000001175?category_page_id=ct6
FUMARI(フマリ)　　 シーシャフレーバー 100g,スパイスドチャイ,3400,https://www.aslaj.com/view/item/000000001164?category_page_id=ct6
AL FAKHER(アルファーヘル)　　 シーシャフレーバー 50g,カルダモン,1550,https://www.aslaj.com/view/item/000000001148?category_page_id=ct6
AL FAKHER(アルファーヘル)　　 シーシャフレーバー 50g,ウォーターメロン,1550,https://www.aslaj.com/view/item/000000001147?category_page_id=ct6
AL FAKHER(アルファーヘル)　　 シーシャフレーバー 50g,オレンジ,1550,https://www.aslaj.com/view/item/000000001146?category_page_id=ct6
AL FAKHER(アルファーヘル)　　 シーシャフレーバー 50g,ミント,1550,https://www.aslaj.com/view/item/000000001145?category_page_id=ct6
AL FAKHER(アルファーヘル)　　 シーシャフレーバー 50g,キウイ,1550,https://www.aslaj.com/view/item/000000001143?category_page_id=ct6
AL FAKHER(アルファーヘル)　　 シーシャフレーバー 50g,グレープ,1550,https://www.aslaj.com/view/item/000000001142?category_page_id=ct6
AL FAKHER(アルファーヘル)　　 シーシャフレーバー 50g,チェリー,1550,https://www.aslaj.com/view/item/000000001140?category_page_id=ct6
AL FAKHER(アルファーヘル)　　 シーシャフレーバー 50g,グレープフルーツ,1550,https://www.aslaj.com/view/item/000000001133?category_page_id=ct6
不明,キーライム　-　Golden Layalina(ゴールデンラヤリナ)　　 シーシャフレーバー 50g,1700,https://www.aslaj.com/view/item/000000001053?category_page_id=ct6
不明,ローズガーデン　-　Golden Layalina(ゴールデンラヤリナ)　　 シーシャフレーバー 50g,1700,https://www.aslaj.com/view/item/000000001052?category_page_id=ct6
不明,BTS　-　Golden Layalina(ゴールデンラヤリナ)　　 シーシャフレーバー 50g,1700,https://www.aslaj.com/view/item/000000000980?category_page_id=ct6
Dozaj(ドザジ)　　 シーシャフレーバー 50g,ブラックカラント（カシス）,1750,https://www.aslaj.com/view/item/000000000973?category_page_id=ct6
不明,ブルーヘブン　-　Golden Layalina(ゴールデンラヤリナ)　　 シーシャフレーバー 50g,1700,https://www.aslaj.com/view/item/000000000972?category_page_id=ct6
不明,ツーアップル　-　AL FAKHER(アルファーヘル)　　 シーシャフレーバー 50g,1550,https://www.aslaj.com/view/item/000000000971?category_page_id=ct6
Dozaj(ドザジ)　　 シーシャフレーバー 50g,ツーアップル,1750,https://www.aslaj.com/view/item/000000000958?category_page_id=ct6
Dozaj(ドザジ)　　 シーシャフレーバー 50g,ポムグランテヨーグルト,1750,https://www.aslaj.com/view/item/000000000957?category_page_id=ct6
Dozaj(ドザジ)　　 シーシャフレーバー 50g,ジャスミン,1750,https://www.aslaj.com/view/item/000000000955?category_page_id=ct6
Dozaj(ドザジ)　　 シーシャフレーバー 50g,ハニー,1750,https://www.aslaj.com/view/item/000000000954?category_page_id=ct6
Dozaj(ドザジ)　　 シーシャフレーバー 50g,シナモン,1750,https://www.aslaj.com/view/item/000000000952?category_page_id=ct6
 LIRRA(リラ) シーシャフレーバー 50g,ICE GRAPEFRUIT(アイスグレープフルーツ),1650,https://www.aslaj.com/view/item/000000001569
 LIRRA(リラ) シーシャフレーバー 50g,MILK(ミルク),1650,https://www.aslaj.com/view/item/000000001563
不明,ソラリスボウル(素焼き&ストレート),3500,https://www.aslaj.com/view/item/000000000643
Dozaj(ドザジ)　　 シーシャフレーバー 50g,グアバ,1750,https://www.aslaj.com/view/item/000000000951?category_page_id=ct6
Dozaj(ドザジ)　　 シーシャフレーバー 50g,チェリー,1750,https://www.aslaj.com/view/item/000000000948?category_page_id=ct6
Dozaj(ドザジ)　　 シーシャフレーバー 50g,マジックスモーク,1750,https://www.aslaj.com/view/item/000000000945?category_page_id=ct6
Dozaj(ドザジ)　　 シーシャフレーバー 50g,ミルク,1750,https://www.aslaj.com/view/item/000000000944?category_page_id=ct6
Dozaj(ドザジ)　　 シーシャフレーバー 50g,チョコレート,1750,https://www.aslaj.com/view/item/000000000941?category_page_id=ct6
Dozaj(ドザジ)　　 シーシャフレーバー 50g,カプチーノ,1750,https://www.aslaj.com/view/item/000000000940?category_page_id=ct6
Dozaj(ドザジ)　　 シーシャフレーバー 50g,バニラ,1750,https://www.aslaj.com/view/item/000000000938?category_page_id=ct6
Dozaj(ドザジ)　　 シーシャフレーバー 50g,グリーンミックス,1750,https://www.aslaj.com/view/item/000000000937?category_page_id=ct6
Dozaj(ドザジ)　　 シーシャフレーバー 50g,ベルガモットティー,1750,https://www.aslaj.com/view/item/000000000936?category_page_id=ct6
Dozaj(ドザジ)　　 シーシャフレーバー 50g,タンジェリン,1750,https://www.aslaj.com/view/item/000000000934?category_page_id=ct6
Dozaj(ドザジ)　　 シーシャフレーバー 50g,パイナップル,1750,https://www.aslaj.com/view/item/000000000933?category_page_id=ct6
Dozaj(ドザジ)　　 シーシャフレーバー 50g,ストロベリーヨーグルト,1750,https://www.aslaj.com/view/item/000000000931?category_page_id=ct6
Dozaj(ドザジ)　　 シーシャフレーバー 50g,ヘーゼルナッツ,1750,https://www.aslaj.com/view/item/000000000930?category_page_id=ct6
Dozaj(ドザジ)　　 シーシャフレーバー 50g,キャラメル,1750,https://www.aslaj.com/view/item/000000000929?category_page_id=ct6
Dozaj(ドザジ)　　 シーシャフレーバー 50g,アサイー,1750,https://www.aslaj.com/view/item/000000000928?category_page_id=ct6
Dozaj(ドザジ)　　 シーシャフレーバー 50g,アイス,1750,https://www.aslaj.com/view/item/000000000927?category_page_id=ct6
Dozaj(ドザジ)　　 シーシャフレーバー 50g,レモン,1750,https://www.aslaj.com/view/item/000000000926?category_page_id=ct6
ROYAL SMOKIN シーシャフレーバー 50g,DOUBLE MINT (ダブルミント),1750,https://www.aslaj.com/view/item/000000000925?category_page_id=ct6
ROYAL SMOKIN シーシャフレーバー 50g.,ORANGE (オレンジ),1750,https://www.aslaj.com/view/item/000000000922?category_page_id=ct6
ROYAL SMOKIN シーシャフレーバー 50g,KIWI BLAST (キウイ ブラスト),1750,https://www.aslaj.com/view/item/000000000918?category_page_id=ct6
ROYAL SMOKIN シーシャフレーバー 50g,VANILLA (バニラ),1750,https://www.aslaj.com/view/item/000000000917?category_page_id=ct6
ROYAL SMOKIN シーシャフレーバー 50g,ROYAL GOLD (ZAFFRAN) （ロイヤルゴールド/サフラン）,1750,https://www.aslaj.com/view/item/000000000916?category_page_id=ct6
ROYAL SMOKIN シーシャフレーバー 50g,ROYAL PAAN MASALA(ロイヤルパンマサラ),1750,https://www.aslaj.com/view/item/000000000910?category_page_id=ct6
ROYAL SMOKIN シーシャフレーバー 50g,PAAN RAJNI(パンラジニ) ,1750,https://www.aslaj.com/view/item/000000000908?category_page_id=ct6
ROYAL SMOKIN シーシャフレーバー 50g,GREEN MANGO(グリーンマンゴー),1750,https://www.aslaj.com/view/item/000000000907?category_page_id=ct6
ROYAL SMOKIN シーシャフレーバー 50g,WHITE ROSE(ホワイトローズ),1750,https://www.aslaj.com/view/item/000000000902?category_page_id=ct6
ROYAL SMOKIN シーシャフレーバー 50g,BLUEBERRY(ブルーベリー),1750,https://www.aslaj.com/view/item/000000000898?category_page_id=ct6
ROYAL SMOKIN シーシャフレーバー 50g,GREEN APPLE(グリーンアップル),1750,https://www.aslaj.com/view/item/000000000897?category_page_id=ct6
不明,デクラウド コーラ,990,https://www.aslaj.com/view/item/000000002209?category_page_id=ct6
不明,デクラウド ジンジャーエール,990,https://www.aslaj.com/view/item/000000002208?category_page_id=ct6
不明,デクラウド さくら,990,https://www.aslaj.com/view/item/000000002205?category_page_id=ct6
不明,デクラウド ソルティーレモン,990,https://www.aslaj.com/view/item/000000002204?category_page_id=ct6
不明,デクラウド チョコレート,990,https://www.aslaj.com/view/item/000000002202?category_page_id=ct6
不明,デクラウド 金木犀,990,https://www.aslaj.com/view/item/000000002201?category_page_id=ct6
JiBiAR(ジビアール) シーシャフレーバー 50ｇ,Happy Mango(ハッピーマンゴー),1750,https://www.aslaj.com/view/item/000000002178?category_page_id=ct6
JiBiAR(ジビアール) シーシャフレーバー 50ｇ,Milk(ミルク),1750,https://www.aslaj.com/view/item/000000002177?category_page_id=ct6
REVOSHI(レボシ) シーシャフレーバー 50ｇ,Double Apple Strong(ダブルアップルストロング),1750,https://www.aslaj.com/view/item/000000002172?category_page_id=ct6
REVOSHI(レボシ) シーシャフレーバー 50ｇ,Biscuit(ビスケット),1750,https://www.aslaj.com/view/item/000000002171?category_page_id=ct6
REVOSHI(レボシ) シーシャフレーバー 50ｇ,Eskimo Pineapple(エスキモパイナップル),1750,https://www.aslaj.com/view/item/000000002170?category_page_id=ct6
REVOSHI(レボシ) シーシャフレーバー 50ｇ,Eskimo Cola(エスキモコーラ),1750,https://www.aslaj.com/view/item/000000002168?category_page_id=ct6
JiBiAR(ジビアール) シーシャフレーバー 50ｇ,osmanthus(オスマンサス/金木犀),1750,https://www.aslaj.com/view/item/000000002165?category_page_id=ct6
JiBiAR(ジビアール) シーシャフレーバー 50ｇ,Melon(メロン),1750,https://www.aslaj.com/view/item/000000002164?category_page_id=ct6
JiBiAR(ジビアール) シーシャフレーバー 50ｇ,Watermelon(ウォーターメロン/スイカ),1750,https://www.aslaj.com/view/item/000000002163?category_page_id=ct6
JiBiAR(ジビアール) シーシャフレーバー 50ｇ,Ice Green Apple(アイスグリーンアップル),1750,https://www.aslaj.com/view/item/000000002162?category_page_id=ct6
JiBiAR(ジビアール) シーシャフレーバー 50ｇ,Strawberry(ストロベリー),1750,https://www.aslaj.com/view/item/000000002161?category_page_id=ct6
JiBiAR(ジビアール) シーシャフレーバー 50ｇ,Banana(バナナ),1750,https://www.aslaj.com/view/item/000000002160?category_page_id=ct6
JiBiAR(ジビアール) シーシャフレーバー 50ｇ,ICE COLA(アイスコーラ),1750,https://www.aslaj.com/view/item/000000002159?category_page_id=ct6
JiBiAR(ジビアール) シーシャフレーバー 50ｇ,TWO APPLES GOLD(ツーアップルゴールド),1750,https://www.aslaj.com/view/item/000000002158?category_page_id=ct6
 LIRRA(リラ) シーシャフレーバー 50g,ICE GRAPEFRUIT(アイスグレープフルーツ),1650,https://www.aslaj.com/view/item/000000001569
 LIRRA(リラ) シーシャフレーバー 50g,MILK(ミルク),1650,https://www.aslaj.com/view/item/000000001563
不明,ソラリスボウル(素焼き&ストレート),3500,https://www.aslaj.com/view/item/000000000643
CHABA(チャバ) シーシャフレーバー 50ｇ,ウォーターメロンガム,1200,https://www.aslaj.com/view/item/000000002138?category_page_id=ct6
CHABA(チャバ) シーシャフレーバー 50ｇ,スキットル,1200,https://www.aslaj.com/view/item/000000002134?category_page_id=ct6
CHABA(チャバ) シーシャフレーバー 50ｇ,ピンクジャム,1200,https://www.aslaj.com/view/item/000000002132?category_page_id=ct6
CHABA(チャバ) シーシャフレーバー 50ｇ,ピーチアプリコット,1200,https://www.aslaj.com/view/item/000000002130?category_page_id=ct6
CHABA(チャバ) シーシャフレーバー 50ｇ,マンゴーカモミール,1200,https://www.aslaj.com/view/item/000000002129?category_page_id=ct6
CHABA(チャバ) シーシャフレーバー 50ｇ,キウイアップルグースベリー,1200,https://www.aslaj.com/view/item/000000002127?category_page_id=ct6
CHABA(チャバ) シーシャフレーバー 50ｇ,ハニーベリーズ,1200,https://www.aslaj.com/view/item/000000002125?category_page_id=ct6
CHABA(チャバ) シーシャフレーバー 50ｇ,グミベアー,1200,https://www.aslaj.com/view/item/000000002124?category_page_id=ct6
CHABA(チャバ) シーシャフレーバー 50ｇ,フルーツアイス,1200,https://www.aslaj.com/view/item/000000002123?category_page_id=ct6
CHABA(チャバ) シーシャフレーバー 50ｇ,チョコレートアイスクリーム,1200,https://www.aslaj.com/view/item/000000002121?category_page_id=ct6
CHABA(チャバ) シーシャフレーバー 50ｇ,ワイルドストロベリー,1200,https://www.aslaj.com/view/item/000000002119?category_page_id=ct6
CHABA(チャバ) シーシャフレーバー 50ｇ,ホワイトワイン,1200,https://www.aslaj.com/view/item/000000002118?category_page_id=ct6
CHABA(チャバ) シーシャフレーバー 50ｇ,ノーザンベリーズ,1200,https://www.aslaj.com/view/item/000000002115?category_page_id=ct6
不明,デクラウド ヨーグルト,990,https://www.aslaj.com/view/item/000000002099?category_page_id=ct6
AL FAKHER（アルファーヘル）,グレープミント 50g,1550,https://www.aslaj.com/view/item/000000002041?category_page_id=ct6
SEBERO(セベロ) シーシャフレーバー 40g,FRUIT YOGURT,1700,https://www.aslaj.com/view/item/000000002003?category_page_id=ct6
SEBERO(セベロ) シーシャフレーバー 40g,TIRAMISU,1700,https://www.aslaj.com/view/item/000000002002?category_page_id=ct6
SEBERO(セベロ) シーシャフレーバー 40g,MILK,1700,https://www.aslaj.com/view/item/000000002001?category_page_id=ct6
MALAKI(マラキ)　　 シーシャフレーバー 50g,メロン,1850,https://www.aslaj.com/view/item/000000001985?category_page_id=ct6
MALAKI(マラキ)　　 シーシャフレーバー 50g,ポメグラネート,1850,https://www.aslaj.com/view/item/000000001984?category_page_id=ct6
JENT(ジェント) シーシャフレーバー 40g,モヒート,1790,https://www.aslaj.com/view/item/000000001941?category_page_id=ct6
JENT(ジェント) シーシャフレーバー 40g,テキーラ,1790,https://www.aslaj.com/view/item/000000001940?category_page_id=ct6
JENT(ジェント) シーシャフレーバー 40g,アブサン,1790,https://www.aslaj.com/view/item/000000001939?category_page_id=ct6
JENT(ジェント) シーシャフレーバー 40g,カルーアミルク,1790,https://www.aslaj.com/view/item/000000001938?category_page_id=ct6
JENT(ジェント) シーシャフレーバー 40g,ピニャコラーダ,1790,https://www.aslaj.com/view/item/000000001937?category_page_id=ct6
JENT(ジェント) シーシャフレーバー 40g,ラム,1790,https://www.aslaj.com/view/item/000000001936?category_page_id=ct6
JENT(ジェント) シーシャフレーバー 40g,バーボン,1790,https://www.aslaj.com/view/item/000000001935?category_page_id=ct6
JENT(ジェント) シーシャフレーバー 40g,ラブラドールティー,1790,https://www.aslaj.com/view/item/000000001934?category_page_id=ct6
JENT(ジェント) シーシャフレーバー 40g,セージ,1790,https://www.aslaj.com/view/item/000000001933?category_page_id=ct6
JENT(ジェント) シーシャフレーバー 40g,ジャスミンウーロン,1790,https://www.aslaj.com/view/item/000000001932?category_page_id=ct6
JENT(ジェント) シーシャフレーバー 40g,スウィートシガー,1790,https://www.aslaj.com/view/item/000000001930?category_page_id=ct6
JENT(ジェント) シーシャフレーバー 40g,スウィートピーチ,1790,https://www.aslaj.com/view/item/000000001929?category_page_id=ct6
JENT(ジェント) シーシャフレーバー 40g,スーパーレモン,1790,https://www.aslaj.com/view/item/000000001928?category_page_id=ct6
AL FAKHER（アルファーヘル） シーシャフレーバー 50g,プラム,1550,https://www.aslaj.com/view/item/000000001917?category_page_id=ct6
AL FAKHER（アルファーヘル） シーシャフレーバー 50g,アプリコット,1550,https://www.aslaj.com/view/item/000000001916?category_page_id=ct6
Dozaj(ドザジ)　　 シーシャフレーバー 50g,コーラ,1750,https://www.aslaj.com/view/item/000000001901?category_page_id=ct6
Dozaj(ドザジ)　　 シーシャフレーバー 50g,ヨーグルト,1750,https://www.aslaj.com/view/item/000000001900?category_page_id=ct6
Dozaj(ドザジ)　　 シーシャフレーバー 50g,ポムグランテ(ザクロ),1750,https://www.aslaj.com/view/item/000000001898?category_page_id=ct6
Dozaj(ドザジ)　　 シーシャフレーバー 50g,ウォーターメロン,1750,https://www.aslaj.com/view/item/000000001897?category_page_id=ct6
SEBERO BLACK(セベロブラック) シーシャフレーバー 40g,KIWI,1790,https://www.aslaj.com/view/item/000000001895?category_page_id=ct6
SEBERO BLACK(セベロブラック) シーシャフレーバー 40g,BARBERRY,1790,https://www.aslaj.com/view/item/000000001894?category_page_id=ct6
SEBERO(セベロ) シーシャフレーバー 40g,Arctic MIX Peanut Latte,1700,https://www.aslaj.com/view/item/000000001893?category_page_id=ct6
SEBERO(セベロ) シーシャフレーバー 40g,Honey Candy Chill,1700,https://www.aslaj.com/view/item/000000001892?category_page_id=ct6
khaleej(ハリージ) 50g シーシャフレーバー,ブラックグレープ,1700,https://www.aslaj.com/view/item/000000001891?category_page_id=ct6
khaleej(ハリージ) 50g シーシャフレーバー,パッションフルーツ,1700,https://www.aslaj.com/view/item/000000001890?category_page_id=ct6
Dozaj Black(ドザジ ブラック) シーシャフレーバー 100g,TIRAMISU,4000,https://www.aslaj.com/view/item/000000001829?category_page_id=ct6
Debaj  (デバジ)50g　シーシャフレーバー,カルダモンコーヒー,1650,https://www.aslaj.com/view/item/000000001825?category_page_id=ct6
Dozaj Black(ドザジ ブラック) シーシャフレーバー 100g,Jamaican Rum,4000,https://www.aslaj.com/view/item/000000001811?category_page_id=ct6
 LIRRA(リラ) シーシャフレーバー 50g,ICE GRAPEFRUIT(アイスグレープフルーツ),1650,https://www.aslaj.com/view/item/000000001569
 LIRRA(リラ) シーシャフレーバー 50g,MILK(ミルク),1650,https://www.aslaj.com/view/item/000000001563
不明,ソラリスボウル(素焼き&ストレート),3500,https://www.aslaj.com/view/item/000000000643
Dozaj Black(ドザジ ブラック) シーシャフレーバー 100g,Lime＆Lemon,4000,https://www.aslaj.com/view/item/000000001809?category_page_id=ct6
Dozaj Black(ドザジ ブラック) シーシャフレーバー 100g,Bumboo,4000,https://www.aslaj.com/view/item/000000001806?category_page_id=ct6
Dozaj Black(ドザジ ブラック) シーシャフレーバー 100g,Brownie Peanut,4000,https://www.aslaj.com/view/item/000000001805?category_page_id=ct6
Dozaj Black(ドザジ ブラック) シーシャフレーバー 100g,Breakfast,4000,https://www.aslaj.com/view/item/000000001804?category_page_id=ct6
Dozaj Black(ドザジ ブラック) シーシャフレーバー 100g,PINK FLIGHT,4000,https://www.aslaj.com/view/item/000000001803?category_page_id=ct6
Dozaj Black(ドザジ ブラック) シーシャフレーバー 100g,Black Queen,4000,https://www.aslaj.com/view/item/000000001801?category_page_id=ct6
Dozaj Black(ドザジ ブラック) シーシャフレーバー 100g,Holland Waffle,4000,https://www.aslaj.com/view/item/000000001800?category_page_id=ct6
afzal(アフザル) 　シーシャフレーバー 50g,ライチ,1750,https://www.aslaj.com/view/item/000000001789?category_page_id=ct6
MALAKI(マラキ)　　 シーシャフレーバー 50g,ガムマスティック,1850,https://www.aslaj.com/view/item/000000001787?category_page_id=ct6
不明,ポップコーン　- Dozaj(ドザジ)　　 シーシャフレーバー 50g,1750,https://www.aslaj.com/view/item/000000001758?category_page_id=ct6
ROYAL SMOKIN シーシャフレーバー 50g,FIZZY COLA (フィジーコーラ),1750,https://www.aslaj.com/view/item/000000001749?category_page_id=ct6
SEBERO(セベロ) シーシャフレーバー 40g,BERRY BLACK,1700,https://www.aslaj.com/view/item/000000001733?category_page_id=ct6
SEBERO(セベロ) シーシャフレーバー 40g,KIWI FRESH,1700,https://www.aslaj.com/view/item/000000001732?category_page_id=ct6
SEBERO(セベロ) シーシャフレーバー 40g,RASPBERRIES,1700,https://www.aslaj.com/view/item/000000001731?category_page_id=ct6
SEBERO(セベロ) シーシャフレーバー 40g,FEIJOA (Pinapple Guava),1700,https://www.aslaj.com/view/item/000000001730?category_page_id=ct6
SEBERO(セベロ) シーシャフレーバー 40g,CHOCOLATE,1700,https://www.aslaj.com/view/item/000000001729?category_page_id=ct6
SEBERO(セベロ) シーシャフレーバー 40g,THAI(Toropical),1700,https://www.aslaj.com/view/item/000000001728?category_page_id=ct6
SEBERO(セベロ) シーシャフレーバー 40g,MINT,1700,https://www.aslaj.com/view/item/000000001727?category_page_id=ct6
SEBERO(セベロ) シーシャフレーバー 40g,STRAWBERRY,1700,https://www.aslaj.com/view/item/000000001726?category_page_id=ct6
SEBERO(セベロ) シーシャフレーバー 40g,WAFFLE,1700,https://www.aslaj.com/view/item/000000001725?category_page_id=ct6
SEBERO(セベロ) シーシャフレーバー 40g,VANILLA,1700,https://www.aslaj.com/view/item/000000001724?category_page_id=ct6
SEBERO(セベロ) シーシャフレーバー 40g,BANANA,1700,https://www.aslaj.com/view/item/000000001723?category_page_id=ct6
SEBERO(セベロ) シーシャフレーバー 40g,ORANGE CHOCOLATE,1700,https://www.aslaj.com/view/item/000000001722?category_page_id=ct6
SEBERO(セベロ) シーシャフレーバー 40g,ORANGE,1700,https://www.aslaj.com/view/item/000000001721?category_page_id=ct6
SEBERO(セベロ) シーシャフレーバー 40g,APRICOT,1700,https://www.aslaj.com/view/item/000000001720?category_page_id=ct6
SEBERO(セベロ) シーシャフレーバー 40g,BANANA CHOCOLATE,1700,https://www.aslaj.com/view/item/000000001719?category_page_id=ct6
不明,コーヒーミルク　- Debaj  (デバジ)50g　シーシャフレーバー,1650,https://www.aslaj.com/view/item/000000001692?category_page_id=ct6
不明,サフランパン　- Debaj  (デバジ)50g　シーシャフレーバー,1650,https://www.aslaj.com/view/item/000000001691?category_page_id=ct6
不明,アイスグレープフルーツ　- Debaj  (デバジ)50g　シーシャフレーバー,1650,https://www.aslaj.com/view/item/000000001690?category_page_id=ct6
不明,ピーチクリーム　　- Debaj  (デバジ)50g　シーシャフレーバー,1650,https://www.aslaj.com/view/item/000000001688?category_page_id=ct6
不明,デクラウド　練乳,990,https://www.aslaj.com/view/item/000000001673?category_page_id=ct6
SEBERO BLACK(セベロブラック) シーシャフレーバー 40g,STRAWBERRY,1790,https://www.aslaj.com/view/item/000000001664?category_page_id=ct6
SEBERO BLACK(セベロブラック) シーシャフレーバー 40g,GRAPEFRUIT,1790,https://www.aslaj.com/view/item/000000001663?category_page_id=ct6
SEBERO BLACK(セベロブラック) シーシャフレーバー 40g,GRAPE,1790,https://www.aslaj.com/view/item/000000001662?category_page_id=ct6
SEBERO BLACK(セベロブラック) シーシャフレーバー 40g,COOKIE MONSTER,1790,https://www.aslaj.com/view/item/000000001661?category_page_id=ct6
SEBERO BLACK(セベロブラック) シーシャフレーバー 40g,BLUEBERRY,1790,https://www.aslaj.com/view/item/000000001660?category_page_id=ct6
SEBERO BLACK(セベロブラック) シーシャフレーバー 40g,COLA,1790,https://www.aslaj.com/view/item/000000001659?category_page_id=ct6
SEBERO BLACK(セベロブラック) シーシャフレーバー 40g,LIMONCHELLO,1790,https://www.aslaj.com/view/item/000000001658?category_page_id=ct6
不明,カルダモン- Debaj  (デバジ)50g　シーシャフレーバー,1650,https://www.aslaj.com/view/item/000000001647?category_page_id=ct6
Al Fakhamah  シーシャフレーバー 50g,アルファハマミックス,1800,https://www.aslaj.com/view/item/000000001634?category_page_id=ct6
AL FAKHER(アルファーヘル)　　 シーシャフレーバー 50g,ガム with ミント,1550,https://www.aslaj.com/view/item/000000001622?category_page_id=ct6
AL FAKHER(アルファーヘル)　　 シーシャフレーバー 50g,ザクロ,1550,https://www.aslaj.com/view/item/000000001621?category_page_id=ct6
不明,LIMONCHELLO- SEBERO(セベロ) シーシャフレーバー 40g,1700,https://www.aslaj.com/view/item/000000001618?category_page_id=ct6
不明,THYM（タイム ハーブ）- SEBERO(セベロ) シーシャフレーバー 40g,1700,https://www.aslaj.com/view/item/000000001616?category_page_id=ct6
不明,GREEN APPLE- SEBERO(セベロ) シーシャフレーバー 40g,1700,https://www.aslaj.com/view/item/000000001615?category_page_id=ct6
不明,WONDER MELONS- SEBERO(セベロ) シーシャフレーバー 40g,1700,https://www.aslaj.com/view/item/000000001614?category_page_id=ct6
不明,CORN- SEBERO(セベロ) シーシャフレーバー 40g,1700,https://www.aslaj.com/view/item/000000001613?category_page_id=ct6
不明,SPICED TEA- SEBERO(セベロ) シーシャフレーバー 40g,1700,https://www.aslaj.com/view/item/000000001612?category_page_id=ct6
 LIRRA(リラ) シーシャフレーバー 50g,ICE GRAPEFRUIT(アイスグレープフルーツ),1650,https://www.aslaj.com/view/item/000000001569
 LIRRA(リラ) シーシャフレーバー 50g,MILK(ミルク),1650,https://www.aslaj.com/view/item/000000001563
不明,ソラリスボウル(素焼き&ストレート),3500,https://www.aslaj.com/view/item/000000000643
不明,BASIL CUCUMBER- SEBERO(セベロ) シーシャフレーバー 40g,1700,https://www.aslaj.com/view/item/000000001611?category_page_id=ct6
不明,RED APPLE- SEBERO(セベロ) シーシャフレーバー 40g,1700,https://www.aslaj.com/view/item/000000001610?category_page_id=ct6
不明,MANGO- SEBERO(セベロ) シーシャフレーバー 40g,1700,https://www.aslaj.com/view/item/000000001609?category_page_id=ct6
不明,LYCHEE- SEBERO(セベロ) シーシャフレーバー 40g,1700,https://www.aslaj.com/view/item/000000001608?category_page_id=ct6
不明,HERBAL CURRANT（カシス）- SEBERO(セベロ) シーシャフレーバー 40g,1700,https://www.aslaj.com/view/item/000000001607?category_page_id=ct6
不明,GUAVA STRAWBERRY- SEBERO(セベロ) シーシャフレーバー 40g,1700,https://www.aslaj.com/view/item/000000001606?category_page_id=ct6
不明,GREEN PEAR- SEBERO(セベロ) シーシャフレーバー 40g,1700,https://www.aslaj.com/view/item/000000001605?category_page_id=ct6
不明,BANANA CREAM- SEBERO(セベロ) シーシャフレーバー 40g,1700,https://www.aslaj.com/view/item/000000001604?category_page_id=ct6
不明,Pain Flower- SEBERO(セベロ) シーシャフレーバー 40g,1700,https://www.aslaj.com/view/item/000000001603?category_page_id=ct6
不明,COLA- SEBERO(セベロ) シーシャフレーバー 40g,1700,https://www.aslaj.com/view/item/000000001601?category_page_id=ct6
SEBERO(セベロ) シーシャフレーバー 40g,BLUE BERRY,1700,https://www.aslaj.com/view/item/000000001599?category_page_id=ct6
 LIRRA(リラ) シーシャフレーバー 50g,ICE SHOT(アイスショット),1650,https://www.aslaj.com/view/item/000000001568?category_page_id=ct6
不明,バジル- Dozaj(ドザジ)　　 シーシャフレーバー 50g,1750,https://www.aslaj.com/view/item/000000001557?category_page_id=ct6
MALAKI(マラキ)　　 シーシャフレーバー 50g,ドリーミーラブ,1850,https://www.aslaj.com/view/item/000000001556?category_page_id=ct6
不明,ミントクリーム- MALAKI(マラキ)　　 シーシャフレーバー 50g,1850,https://www.aslaj.com/view/item/000000001553?category_page_id=ct6
不明,ベルベット- MALAKI(マラキ)　　 シーシャフレーバー 50g,1850,https://www.aslaj.com/view/item/000000001552?category_page_id=ct6
不明,サワーアジア- MALAKI(マラキ)　　 シーシャフレーバー 50g,1850,https://www.aslaj.com/view/item/000000001549?category_page_id=ct6
不明,ムーンライト- MALAKI(マラキ)　　 シーシャフレーバー 50g,1850,https://www.aslaj.com/view/item/000000001547?category_page_id=ct6
不明,ビタースイート- MALAKI(マラキ)　　 シーシャフレーバー 50g,1850,https://www.aslaj.com/view/item/000000001546?category_page_id=ct6
不明,ブルークラウド- MALAKI(マラキ)　　 シーシャフレーバー 50g,1850,https://www.aslaj.com/view/item/000000001545?category_page_id=ct6
不明,クールブリーズ- MALAKI(マラキ)　　 シーシャフレーバー 50g,1850,https://www.aslaj.com/view/item/000000001543?category_page_id=ct6
不明,ウォーターメロンミント- MALAKI(マラキ)　　 シーシャフレーバー 50g,1850,https://www.aslaj.com/view/item/000000001539?category_page_id=ct6
不明,チョコレートミント- MALAKI(マラキ)　　 シーシャフレーバー 50g,1850,https://www.aslaj.com/view/item/000000001538?category_page_id=ct6
不明,ツーアップル- MALAKI(マラキ)　　 シーシャフレーバー 50g,1850,https://www.aslaj.com/view/item/000000001536?category_page_id=ct6
不明,ツーアップルミント- MALAKI(マラキ)　　 シーシャフレーバー 50g,1850,https://www.aslaj.com/view/item/000000001535?category_page_id=ct6
不明,オレンジミント- MALAKI(マラキ)　　 シーシャフレーバー 50g,1850,https://www.aslaj.com/view/item/000000001534?category_page_id=ct6
不明,ミント- MALAKI(マラキ)　　 シーシャフレーバー 50g,1850,https://www.aslaj.com/view/item/000000001529?category_page_id=ct6
不明,モヒート- MALAKI(マラキ)　　 シーシャフレーバー 50g,1850,https://www.aslaj.com/view/item/000000001528?category_page_id=ct6
不明,ガム- MALAKI(マラキ)　　 シーシャフレーバー 50g,1850,https://www.aslaj.com/view/item/000000001526?category_page_id=ct6
不明,グレープミント- MALAKI(マラキ)　　 シーシャフレーバー 50g,1850,https://www.aslaj.com/view/item/000000001522?category_page_id=ct6
不明,クインス- Dozaj(ドザジ)　　 シーシャフレーバー 50g,1750,https://www.aslaj.com/view/item/000000001518?category_page_id=ct6
不明,ジンジャーココナッツ- Dozaj(ドザジ)　　 シーシャフレーバー 50g,1750,https://www.aslaj.com/view/item/000000001517?category_page_id=ct6
不明,バナナ- Dozaj(ドザジ)　　 シーシャフレーバー 50g,1750,https://www.aslaj.com/view/item/000000001515?category_page_id=ct6
不明,グレープ- Dozaj(ドザジ)　　 シーシャフレーバー 50g,1750,https://www.aslaj.com/view/item/000000001513?category_page_id=ct6
不明,カシミール- Dozaj(ドザジ)　　 シーシャフレーバー 50g,1750,https://www.aslaj.com/view/item/000000001512?category_page_id=ct6
Dozaj Black(ドザジ ブラック)　　 シーシャフレーバー 100g,MOROCCO,4000,https://www.aslaj.com/view/item/000000001416?category_page_id=ct6
Dozaj Black(ドザジ ブラック)　　 シーシャフレーバー 100g,MINT STORM,4000,https://www.aslaj.com/view/item/000000001415?category_page_id=ct6
Dozaj Black(ドザジ ブラック)　　 シーシャフレーバー 100g,IRISH CREAM,4000,https://www.aslaj.com/view/item/000000001404?category_page_id=ct6
Dozaj Black(ドザジ ブラック)　　 シーシャフレーバー 100g,MOSCOW ROSE,4000,https://www.aslaj.com/view/item/000000001403?category_page_id=ct6
Dozaj Black(ドザジ ブラック)　　 シーシャフレーバー 100g,HAVANA PURRO,4000,https://www.aslaj.com/view/item/000000001402?category_page_id=ct6
Dozaj Black(ドザジ ブラック)　　 シーシャフレーバー 100g,TROPICAL PEARL,4000,https://www.aslaj.com/view/item/000000001401?category_page_id=ct6
Dozaj Black(ドザジ ブラック)　　 シーシャフレーバー 100g,FOREST BERRY,4000,https://www.aslaj.com/view/item/000000001399?category_page_id=ct6
Dozaj Black(ドザジ ブラック)　　 シーシャフレーバー 100g,SUMMER LOVE,4000,https://www.aslaj.com/view/item/000000001398?category_page_id=ct6
Dozaj Black(ドザジ ブラック)　　 シーシャフレーバー 100g,RED CHOCOMINT,4000,https://www.aslaj.com/view/item/000000001396?category_page_id=ct6
Dozaj Black(ドザジ ブラック)　　 シーシャフレーバー 100g,CHOCOLATE HAZELNUT CREAM,4000,https://www.aslaj.com/view/item/000000001394?category_page_id=ct6
Dozaj Black(ドザジ ブラック)　　 シーシャフレーバー 100g,SUBZERO,4000,https://www.aslaj.com/view/item/000000001392?category_page_id=ct6
Dozaj(ドザジ)　　 シーシャフレーバー 50g,プラム,1750,https://www.aslaj.com/view/item/000000001389?category_page_id=ct6
Dozaj(ドザジ)　　 シーシャフレーバー 50g,パッションフルーツ,1750,https://www.aslaj.com/view/item/000000001388?category_page_id=ct6
 LIRRA(リラ) シーシャフレーバー 50g,ICE GRAPEFRUIT(アイスグレープフルーツ),1650,https://www.aslaj.com/view/item/000000001569
 LIRRA(リラ) シーシャフレーバー 50g,MILK(ミルク),1650,https://www.aslaj.com/view/item/000000001563
不明,ソラリスボウル(素焼き&ストレート),3500,https://www.aslaj.com/view/item/000000000643
不明,デクラウド　ストロベリー,990,https://www.aslaj.com/view/item/000000001366?category_page_id=ct6
不明,デクラウド　マンゴー,990,https://www.aslaj.com/view/item/000000001364?category_page_id=ct6
不明,デクラウド　ホワイトグレープ,990,https://www.aslaj.com/view/item/000000001363?category_page_id=ct6
不明,デクラウド　ミルクティー,990,https://www.aslaj.com/view/item/000000001355?category_page_id=ct6
不明,デクラウド　ピーチ,990,https://www.aslaj.com/view/item/000000001353?category_page_id=ct6
不明,デクラウド　パイナップル,990,https://www.aslaj.com/view/item/000000001351?category_page_id=ct6
不明,デクラウド　メロン,990,https://www.aslaj.com/view/item/000000001350?category_page_id=ct6
不明,デクラウド　バナナ,990,https://www.aslaj.com/view/item/000000001343?category_page_id=ct6
不明,デクラウド　レモングラス,990,https://www.aslaj.com/view/item/000000001339?category_page_id=ct6
FUMARI(フマリ)　　 シーシャフレーバー 100g,レモンミント,3400,https://www.aslaj.com/view/item/000000001165?category_page_id=ct6
不明,チョコレートココア　-　Golden Layalina(ゴールデンラヤリナ)　　 シーシャフレーバー 50g,1700,https://www.aslaj.com/view/item/000000000982?category_page_id=ct6
不明,コニャック　-　Golden Layalina(ゴールデンラヤリナ)　　 シーシャフレーバー 50g,1700,https://www.aslaj.com/view/item/000000000974?category_page_id=ct6
ピュアタバコ　　 シーシャフレーバー,FML 250g,10000,https://www.aslaj.com/view/item/000000000962?category_page_id=ct6
ピュアタバコ　　 シーシャフレーバー,FML 100g,4500,https://www.aslaj.com/view/item/000000000961?category_page_id=ct6
Dozaj(ドザジ)　　 シーシャフレーバー 50g,メロン,1750,https://www.aslaj.com/view/item/000000000959?category_page_id=ct6
Dozaj(ドザジ)　　 シーシャフレーバー 50g,ストロベリー,1750,https://www.aslaj.com/view/item/000000000949?category_page_id=ct6
Dozaj(ドザジ)　　 シーシャフレーバー 50g,デッドシー,1750,https://www.aslaj.com/view/item/000000000943?category_page_id=ct6
Dozaj(ドザジ)　　 シーシャフレーバー 50g,ミント,1750,https://www.aslaj.com/view/item/000000000942?category_page_id=ct6
ROYAL SMOKIN シーシャフレーバー 50g,MAGAI PAAN (マガイパン),1750,https://www.aslaj.com/view/item/000000000913?category_page_id=ct6
ROYAL SMOKIN シーシャフレーバー 50g,PAAN 420(パン420),1750,https://www.aslaj.com/view/item/000000000906?category_page_id=ct6
ROYAL SMOKIN シーシャフレーバー 50g,SPRING WATER(スプリングウォーター),1750,https://www.aslaj.com/view/item/000000000896?category_page_id=ct6
 LIRRA(リラ) シーシャフレーバー 50g,ICE GRAPEFRUIT(アイスグレープフルーツ),1650,https://www.aslaj.com/view/item/000000001569
 LIRRA(リラ) シーシャフレーバー 50g,MILK(ミルク),1650,https://www.aslaj.com/view/item/000000001563
不明,ソラリスボウル(素焼き&ストレート),3500,https://www.aslaj.com/view/item/000000000643
